-- phpMyAdmin SQL Dump
-- version phpStudy 2014
-- http://www.phpmyadmin.net
--
-- 主机: localhost
-- 生成日期: 2016 年 12 月 06 日 19:46
-- 服务器版本: 5.5.40
-- PHP 版本: 5.3.29

SET SQL_MODE="NO_AUTO_VALUE_ON_ZERO";
SET time_zone = "+00:00";


/*!40101 SET @OLD_CHARACTER_SET_CLIENT=@@CHARACTER_SET_CLIENT */;
/*!40101 SET @OLD_CHARACTER_SET_RESULTS=@@CHARACTER_SET_RESULTS */;
/*!40101 SET @OLD_COLLATION_CONNECTION=@@COLLATION_CONNECTION */;
/*!40101 SET NAMES utf8 */;

--
-- 数据库: `estudy`
--

-- --------------------------------------------------------

--
-- 表的结构 `admin`
--

CREATE TABLE IF NOT EXISTS `admin` (
  `adminid` int(11) NOT NULL AUTO_INCREMENT,
  `adname` varchar(25) NOT NULL COMMENT '管理员昵称',
  `adpassword` char(32) NOT NULL COMMENT '管理员密码',
  `ademail` varchar(30) NOT NULL COMMENT '管理员邮箱',
  `adphonenum` char(11) NOT NULL COMMENT '管理员联系电话',
  PRIMARY KEY (`adminid`)
) ENGINE=MyISAM  DEFAULT CHARSET=utf8 COMMENT='管理员表' AUTO_INCREMENT=4 ;

--
-- 转存表中的数据 `admin`
--

INSERT INTO `admin` (`adminid`, `adname`, `adpassword`, `ademail`, `adphonenum`) VALUES
(1, 'Cookieas', '', '736509710@qq.com', '1523111****'),
(2, '11', '', '1111@163.com', '23eqr3edcd'),
(3, 'ysy', '', '123', '123');

-- --------------------------------------------------------

--
-- 表的结构 `article`
--

CREATE TABLE IF NOT EXISTS `article` (
  `articleid` int(11) NOT NULL AUTO_INCREMENT,
  `articletitle` char(50) NOT NULL COMMENT '帖子题目',
  `articleauthor` char(10) NOT NULL,
  `articleintroduction` text NOT NULL COMMENT '文章的精简介绍',
  `articlecontent` text NOT NULL,
  `articletime` date NOT NULL COMMENT '帖子发布时间',
  `managetime` int(11) NOT NULL COMMENT '帖子管理时间',
  PRIMARY KEY (`articleid`)
) ENGINE=MyISAM  DEFAULT CHARSET=utf8 COMMENT='励志帖子表' AUTO_INCREMENT=18 ;

--
-- 转存表中的数据 `article`
--

INSERT INTO `article` (`articleid`, `articletitle`, `articleauthor`, `articleintroduction`, `articlecontent`, `articletime`, `managetime`) VALUES
(1, '年轻人如何在独居时有效地保持自律', '鲁迈', '谈到独居与自律，我自信有发言权，无论是在国内的少年事期，还是去斯坦福念书，我大部分时间都算是独居，而且始终保持着自律，当然效果也是很棒的。自律看上去是个名词，但真的做起来却一点都不容易，在这里我分享一点经验，希望对大家有所帮助.....', '谈到独居与自律，我自信有发言权，无论是在国内的少年时期，还是去斯坦福念书，我大部分时间都算是独居，而且始终保持着自律，当然效果也是相当棒的。\r\n      自律看上去是个简单的名词，但真的做起来却一点都不容易，在这里我分享一点经验，希望对大家能有所帮助，尤其推荐有拖延症的人阅读，目前我已经成功治愈好多有拖延症的员工，部分患拖延癌晚期的也有明显好转。\r\n      首先，很少有人提到，其实想要保持自律，最重要而且力所能及马上就能做的，不是读书，不是冥想，不是拿小本本撰写誓言，而是很简单的两个字：\r\n        早起！\r\n        你以为我在开玩笑？不是！\r\n        在斯坦福念书时，我常爱听各种奇葩的讲座，有一次听的恰好就是早起对于自律的重要性，你一定想不到，早起对于一个人的生活和成长有多么重要的影响和帮助。\r\n      正常人每天的睡眠大都在7到8小时，然而有趣的是，欧洲心理学家发现，在早起的人的潜意识里，每天的可支配时间是要更长一些的。而相对的是，在晚起者的潜意识里，每天则要变得短了许多。\r\n      这是因为，在大部分人的潜意识里，是以中午12点为一天的分界线的，如果总是很晚才起床，一起床半天就没了，人的心理难免受影响，近而焦虑，同时效率也会相对变得低下，总之坏处多多。\r\n      如果不信我上面说的，你可以做个小尝试，今天晚上23点就入睡，然后明天早晨在5：30~6：00起床，这样在上班之前，你应该至少拥有了2小时的自由时间。\r\n      这段时间你可以安排自己看40分钟书，或者听一节TED，然后剩余的时间还很多，给自己5分钟时间，安静地坐着，感受下清晨的微冷，或者闭上眼睛来一小段冥想，如果你没有冥想的习惯，也没关系，就是简单地闭上眼睛就好，然后想想什么就想什么。\r\n      感受一下，你就会知道我想要说的是什么。\r\n     即使在夜生活极其丰富的西海岸，我也始终都保持着早起的习惯，原因也很简单，当你把一种好的习惯变成自然，它将成为你极其有力的武器，就像007的枪，李小龙的双截棍，或者海明威的笔。\r\n      要想保持自律，还有一点很重要，就是尽量让自己日常的生活规律化。\r\n      规律化不是死板，而是一种境界，就像雷阿伦永远不变的投篮手势，没有人会说他的手型死板，大家只会赞叹，并且称之为完美。\r\n      以我举例，每天起床以后，我会把自己当天要做的事情简单地罗列一下，包括当天要学习的课程，要看的书。创业以后，我仍然保持着这个习惯，会在一大早，就把当天要做的事情过一遍，要开哪些会，要安排哪些事务，要谈哪些客户，等等等等。\r\n      罗列完以后，我就会开始做事，一件一件来，不要急，一件一件来。\r\n      好多年轻人有个坏毛病，就是太急了，不管是谈恋爱还是做事业，都太急了，恨不得今天有个想法，明天就见天使投资人，后天就拿到融资，大后天就上市。', '2016-11-01', 2016),
(2, '25岁做什么，可以在5年后受益匪浅？', '鬼未知', '拒绝重复，拒绝无聊，拒绝拖延。不让重复的工作和生活消耗掉自己的青春，不让自己再屈服于这种无聊的生活，不给自己明天再做也不吃的借口。工作后，会发现自己其实每天都在重复着昨天的生活，凭着已有的知识和技巧处理日常的工作，工作内容繁琐而重复......', '拒绝重复，拒绝无聊，拒绝拖延。\r\n\r\n不让重复的工作和生活消耗掉自己的青春，不让自己再屈服于这种无聊的生活，不给自己明天再做也不迟的借口。\r\n\r\n工作后，会发现自己其实每天都在重复着昨天的生活，凭着已有的知识和技巧处理日常的工作，工作内容繁琐而重复，这类工作就算做得再好，也不过是提高自己的熟练度罢了。下班后，回宿舍看一部电影，看几集综艺节目，刷一会儿知乎，一天就过去了；周末里，睡两次懒觉，再出门逛个街，找朋友去吃个饭，一周就过去了；发工资后，上淘宝消费一番，出门去挥霍几次，然后再紧巴巴地等着下月的工资，一个月也就过去了；\r\n\r\n站在二十四、五岁的年龄，我开始感到恐惧，自己已经过了有大把时光可以挥霍的年纪，过了身体和头脑的巅峰时期，面对未来，自己到底还剩下多少机会？五年时间，六十个月，也就是说我只要再领六十次工资就到了三十岁，而在这期间，自己又剩下多少时间去改变自己。\r\n\r\n站在二十四、五岁的年龄，我开始反感那些动辄给自己定五年、十年目标的励志鸡汤，因为这种长期性目标容易给人一种自己还有很多时间的错觉，然后会觉得把事情拖到“明天”再做也没关系；\r\n\r\n站在二十四、五岁的年龄，我们有太多想法，想改变，想成功，还想毫不费力就能变成自己想成为的那种人。总是期望有人来告诉自己该怎么做，不想浪费精力，不想做无用功，在没找到答案之前干脆保持现状，得过且过。等到三十岁的时候，又该提问此时如何做才能及时补救，才能在五年后改变人生。\r\n\r\n其实答案大家不是早知道了么：现在，立刻，马上开始，马上改变，去跑步健身，去背英语单词，去看专业论文，去学做PPT，到了时间马上关电脑关手机睡觉。将五年的目标细化为每天具体的努力，每天都努力改变一点，也许不用五年，便能看到一个不一样的自己。\r\n\r\n共勉～', '2016-11-10', 2016),
(17, '1', '1', '1', '1', '2016-11-11', 0),
(14, '你的名字', 'Cookies', '', '你的名字', '2016-11-30', 0),
(15, '11', '1', '1', '11', '2016-11-11', 0),
(16, '1', '1', '1', '1', '2016-11-11', 0),
(13, '一个人也要活成一支队伍', 'Cookies', '', '一个人也要活成一支队伍钢铁般坚强！', '2016-11-24', 0),
(12, '1111', '11111', '1111', '1111111', '2016-11-10', 0);

-- --------------------------------------------------------

--
-- 表的结构 `article_comment`
--

CREATE TABLE IF NOT EXISTS `article_comment` (
  `article_commentid` int(11) NOT NULL AUTO_INCREMENT,
  `articleid` int(11) NOT NULL,
  `userid` int(11) NOT NULL,
  `article_comment` varchar(150) NOT NULL COMMENT '帖子评论',
  `createtime` int(11) NOT NULL COMMENT '发表评论时间',
  `article_answerid` int(11) NOT NULL COMMENT '回复评论id',
  PRIMARY KEY (`article_commentid`)
) ENGINE=MyISAM  DEFAULT CHARSET=utf8 COMMENT='帖子评论信息表' AUTO_INCREMENT=9 ;

--
-- 转存表中的数据 `article_comment`
--

INSERT INTO `article_comment` (`article_commentid`, `articleid`, `userid`, `article_comment`, `createtime`, `article_answerid`) VALUES
(1, 1, 12, '第一条评论，评论文章的', 2016122, 0),
(2, 1, 11, '评论第一条评论的', 2016122, 1),
(3, 1, 14, '评论第二条评论的', 2016122, 2),
(4, 1, 15, '评论第二条评论的', 20161222, 3),
(5, 2, 16, '评论第二篇文章的', 2016122, 0),
(6, 2, 17, '评论第二篇文章的第一条评论的', 2016122, 5),
(7, 2, 18, '评论第二篇文章的第一条回复的', 2016122, 6),
(8, 2, 19, '评论第二篇文章第二条回复的', 2016122, 7);

-- --------------------------------------------------------

--
-- 表的结构 `certificate`
--

CREATE TABLE IF NOT EXISTS `certificate` (
  `cid` int(11) NOT NULL AUTO_INCREMENT,
  `cname` varchar(255) NOT NULL COMMENT '证件名称',
  `keyword` varchar(40) DEFAULT NULL COMMENT '关键词',
  `keyword2` varchar(40) DEFAULT NULL COMMENT '关键词',
  `keyword3` varchar(40) DEFAULT NULL COMMENT '关键词',
  `ctime` date NOT NULL COMMENT '考证时间',
  `crequest` varchar(100) NOT NULL COMMENT '考证要求',
  `cfee` int(11) NOT NULL COMMENT '考证费用',
  `ccontent` text NOT NULL COMMENT '详情内容',
  `curl` varchar(255) NOT NULL COMMENT '官网',
  `cthumb` varchar(255) NOT NULL DEFAULT 'http://www.hebtu.edu.cn/template/0de2d533795b48688b0776bfade53f5a/20140828143712866/images/banner_03.jpg' COMMENT '缩略图地址',
  PRIMARY KEY (`cid`)
) ENGINE=MyISAM  DEFAULT CHARSET=utf8 AUTO_INCREMENT=14 ;

--
-- 转存表中的数据 `certificate`
--

INSERT INTO `certificate` (`cid`, `cname`, `keyword`, `keyword2`, `keyword3`, `ctime`, `crequest`, `cfee`, `ccontent`, `curl`, `cthumb`) VALUES
(1, '教师资格证', '师范类', '教师', '含金量高', '2016-11-10', '大三年级', 80, '凡报名当年年底未达到国家法定退休年龄，具备《教师法》规定教师资格条件并愿意从事教师工作的中国公民，均可申请并依法认定幼儿园、小学、初级中学、高级中学、中等职业学校（含实习指导）教师资格。\r\n1.普通话水平应当达到国家语言文字工作委员会颁布的《普通话水平测试等级标准》二级乙等以上标准。\r\n2.各级各类学校非师范专业毕业生申请教师资格应按省教育厅部署补修教育学、心理学课程，并由省教育厅统一组织考试合格。（申请者学历为师范专业毕业人员免于教育学、心理学考试）\r\n3.各级各类学校非师范专业毕业生申请教师资格应参加教师资格认定机构组织的说课（说课分为：面试、试讲）。（申请学历为师范专业毕业人员如能提供3个月或以上的教学证明，可免于面试、试讲）\r\n4.具有良好的身体素质和心理素质，无传染性疾病，无精神病史，按《申请认定教师资格人员体检标准及办法》，在教师资格认定机构指定的县级以上医院体检合格。\r\n5.报名需要学历证、身份证、照片。\r\n6.没有教师资格证的是肯定无法取得正式编制的。\r\n具体的报名时间和地点可以通过当地教育局、或者教师资格证报考点。\r\n凡报名当年年底未达到国家法定退休年龄，具备《教师法》规定教师资格条件并愿意从事教师工作的中国公民，均可申请并依法认定幼儿园、小学、初级中学、高级中学、中等职业学校（含实习指导）教师资格。\r\n1.普通话水平应当达到国家语言文字工作委员会颁布的《普通话水平测试等级标准》二级乙等以上标准。\r\n2.各级各类学校非师范专业毕业生申请教师资格应按省教育厅部署补修教育学、心理学课程，并由省教育厅统一组织考试合格。（申请者学历为师范专业毕业人员免于教育学、心理学考试）\r\n3.各级各类学校非师范专业毕业生申请教师资格应参加教师资格认定机构组织的说课（说课分为：面试、试讲）。（申请学历为师范专业毕业人员如能提供3个月或以上的教学证明，可免于面试、试讲）\r\n4.具有良好的身体素质和心理素质，无传染性疾病，无精神病史，按《申请认定教师资格人员体检标准及办法》，在教师资格认定机构指定的县级以上医院体检合格。\r\n5.报名需要学历证、身份证、照片。\r\n6.没有教师资格证的是肯定无法取得正式编制的。\r\n具体的报名时间和地点可以通过当地教育局、或者教师资格证报考点。\r\n凡报名当年年底未达到国家法定退休年龄，具备《教师法》规定教师资格条件并愿意从事教师工作的中国公民，均可申请并依法认定幼儿园、小学、初级中学、高级中学、中等职业学校（含实习指导）教师资格。\r\n1.普通话水平应当达到国家语言文字工作委员会颁布的《普通话水平测试等级标准》二级乙等以上标准。\r\n2.各级各类学校非师范专业毕业生申请教师资格应按省教育厅部署补修教育学、心理学课程，并由省教育厅统一组织考试合格。（申请者学历为师范专业毕业人员免于教育学、心理学考试）\r\n3.各级各类学校非师范专业毕业生申请教师资格应参加教师资格认定机构组织的说课（说课分为：面试、试讲）。（申请学历为师范专业毕业人员如能提供3个月或以上的教学证明，可免于面试、试讲）\r\n4.具有良好的身体素质和心理素质，无传染性疾病，无精神病史，按《申请认定教师资格人员体检标准及办法》，在教师资格认定机构指定的县级以上医院体检合格。\r\n5.报名需要学历证、身份证、照片。\r\n6.没有教师资格证的是肯定无法取得正式编制的。\r\n具体的报名时间和地点可以通过当地教育局、或者教师资格证报考点。\r\n凡报名当年年底未达到国家法定退休年龄，具备《教师法》规定教师资格条件并愿意从事教师工作的中国公民，均可申请并依法认定幼儿园、小学、初级中学、高级中学、中等职业学校（含实习指导）教师资格。\r\n1.普通话水平应当达到国家语言文字工作委员会颁布的《普通话水平测试等级标准》二级乙等以上标准。\r\n2.各级各类学校非师范专业毕业生申请教师资格应按省教育厅部署补修教育学、心理学课程，并由省教育厅统一组织考试合格。（申请者学历为师范专业毕业人员免于教育学、心理学考试）\r\n3.各级各类学校非师范专业毕业生申请教师资格应参加教师资格认定机构组织的说课（说课分为：面试、试讲）。（申请学历为师范专业毕业人员如能提供3个月或以上的教学证明，可免于面试、试讲）\r\n4.具有良好的身体素质和心理素质，无传染性疾病，无精神病史，按《申请认定教师资格人员体检标准及办法》，在教师资格认定机构指定的县级以上医院体检合格。\r\n5.报名需要学历证、身份证、照片。\r\n6.没有教师资格证的是肯定无法取得正式编制的。\r\n具体的报名时间和地点可以通过当地教育局、或者教师资格证报考点。\r\n凡报名当年年底未达到国家法定退休年龄，具备《教师法》规定教师资格条件并愿意从事教师工作的中国公民，均可申请并依法认定幼儿园、小学、初级中学、高级中学、中等职业学校（含实习指导）教师资格。\r\n1.普通话水平应当达到国家语言文字工作委员会颁布的《普通话水平测试等级标准》二级乙等以上标准。\r\n2.各级各类学校非师范专业毕业生申请教师资格应按省教育厅部署补修教育学、心理学课程，并由省教育厅统一组织考试合格。（申请者学历为师范专业毕业人员免于教育学、心理学考试）\r\n3.各级各类学校非师范专业毕业生申请教师资格应参加教师资格认定机构组织的说课（说课分为：面试、试讲）。（申请学历为师范专业毕业人员如能提供3个月或以上的教学证明，可免于面试、试讲）\r\n4.具有良好的身体素质和心理素质，无传染性疾病，无精神病史，按《申请认定教师资格人员体检标准及办法》，在教师资格认定机构指定的县级以上医院体检合格。\r\n5.报名需要学历证、身份证、照片。\r\n6.没有教师资格证的是肯定无法取得正式编制的。\r\n具体的报名时间和地点可以通过当地教育局、或者教师资格证报考点。\r\n', 'timeso.cc', 'http://www.hebtu.edu.cn/template/0de2d533795b48688b0776bfade53f5a/20140828143712866/images/banner_00.gif'),
(2, '教师资格证', '师范类', '教师', '含金量高', '2016-11-10', '大三年级', 80, '凡报名当年年底未达到国家法定退休年龄，具备《教师法》规定教师资格条件并愿意从事教师工作的中国公民，均可申请并依法认定幼儿园、小学、初级中学、高级中学、中等职业学校（含实习指导）教师资格。\r\n1.普通话水平应当达到国家语言文字工作委员会颁布的《普通话水平测试等级标准》二级乙等以上标准。\r\n2.各级各类学校非师范专业毕业生申请教师资格应按省教育厅部署补修教育学、心理学课程，并由省教育厅统一组织考试合格。（申请者学历为师范专业毕业人员免于教育学、心理学考试）\r\n3.各级各类学校非师范专业毕业生申请教师资格应参加教师资格认定机构组织的说课（说课分为：面试、试讲）。（申请学历为师范专业毕业人员如能提供3个月或以上的教学证明，可免于面试、试讲）\r\n4.具有良好的身体素质和心理素质，无传染性疾病，无精神病史，按《申请认定教师资格人员体检标准及办法》，在教师资格认定机构指定的县级以上医院体检合格。\r\n5.报名需要学历证、身份证、照片。\r\n6.没有教师资格证的是肯定无法取得正式编制的。\r\n具体的报名时间和地点可以通过当地教育局、或者教师资格证报考点。\r\n凡报名当年年底未达到国家法定退休年龄，具备《教师法》规定教师资格条件并愿意从事教师工作的中国公民，均可申请并依法认定幼儿园、小学、初级中学、高级中学、中等职业学校（含实习指导）教师资格。\r\n1.普通话水平应当达到国家语言文字工作委员会颁布的《普通话水平测试等级标准》二级乙等以上标准。\r\n2.各级各类学校非师范专业毕业生申请教师资格应按省教育厅部署补修教育学、心理学课程，并由省教育厅统一组织考试合格。（申请者学历为师范专业毕业人员免于教育学、心理学考试）\r\n3.各级各类学校非师范专业毕业生申请教师资格应参加教师资格认定机构组织的说课（说课分为：面试、试讲）。（申请学历为师范专业毕业人员如能提供3个月或以上的教学证明，可免于面试、试讲）\r\n4.具有良好的身体素质和心理素质，无传染性疾病，无精神病史，按《申请认定教师资格人员体检标准及办法》，在教师资格认定机构指定的县级以上医院体检合格。\r\n5.报名需要学历证、身份证、照片。\r\n6.没有教师资格证的是肯定无法取得正式编制的。\r\n具体的报名时间和地点可以通过当地教育局、或者教师资格证报考点。\r\n凡报名当年年底未达到国家法定退休年龄，具备《教师法》规定教师资格条件并愿意从事教师工作的中国公民，均可申请并依法认定幼儿园、小学、初级中学、高级中学、中等职业学校（含实习指导）教师资格。\r\n1.普通话水平应当达到国家语言文字工作委员会颁布的《普通话水平测试等级标准》二级乙等以上标准。\r\n2.各级各类学校非师范专业毕业生申请教师资格应按省教育厅部署补修教育学、心理学课程，并由省教育厅统一组织考试合格。（申请者学历为师范专业毕业人员免于教育学、心理学考试）\r\n3.各级各类学校非师范专业毕业生申请教师资格应参加教师资格认定机构组织的说课（说课分为：面试、试讲）。（申请学历为师范专业毕业人员如能提供3个月或以上的教学证明，可免于面试、试讲）\r\n4.具有良好的身体素质和心理素质，无传染性疾病，无精神病史，按《申请认定教师资格人员体检标准及办法》，在教师资格认定机构指定的县级以上医院体检合格。\r\n5.报名需要学历证、身份证、照片。\r\n6.没有教师资格证的是肯定无法取得正式编制的。\r\n具体的报名时间和地点可以通过当地教育局、或者教师资格证报考点。\r\n凡报名当年年底未达到国家法定退休年龄，具备《教师法》规定教师资格条件并愿意从事教师工作的中国公民，均可申请并依法认定幼儿园、小学、初级中学、高级中学、中等职业学校（含实习指导）教师资格。\r\n1.普通话水平应当达到国家语言文字工作委员会颁布的《普通话水平测试等级标准》二级乙等以上标准。\r\n2.各级各类学校非师范专业毕业生申请教师资格应按省教育厅部署补修教育学、心理学课程，并由省教育厅统一组织考试合格。（申请者学历为师范专业毕业人员免于教育学、心理学考试）\r\n3.各级各类学校非师范专业毕业生申请教师资格应参加教师资格认定机构组织的说课（说课分为：面试、试讲）。（申请学历为师范专业毕业人员如能提供3个月或以上的教学证明，可免于面试、试讲）\r\n4.具有良好的身体素质和心理素质，无传染性疾病，无精神病史，按《申请认定教师资格人员体检标准及办法》，在教师资格认定机构指定的县级以上医院体检合格。\r\n5.报名需要学历证、身份证、照片。\r\n6.没有教师资格证的是肯定无法取得正式编制的。\r\n具体的报名时间和地点可以通过当地教育局、或者教师资格证报考点。\r\n凡报名当年年底未达到国家法定退休年龄，具备《教师法》规定教师资格条件并愿意从事教师工作的中国公民，均可申请并依法认定幼儿园、小学、初级中学、高级中学、中等职业学校（含实习指导）教师资格。\r\n1.普通话水平应当达到国家语言文字工作委员会颁布的《普通话水平测试等级标准》二级乙等以上标准。\r\n2.各级各类学校非师范专业毕业生申请教师资格应按省教育厅部署补修教育学、心理学课程，并由省教育厅统一组织考试合格。（申请者学历为师范专业毕业人员免于教育学、心理学考试）\r\n3.各级各类学校非师范专业毕业生申请教师资格应参加教师资格认定机构组织的说课（说课分为：面试、试讲）。（申请学历为师范专业毕业人员如能提供3个月或以上的教学证明，可免于面试、试讲）\r\n4.具有良好的身体素质和心理素质，无传染性疾病，无精神病史，按《申请认定教师资格人员体检标准及办法》，在教师资格认定机构指定的县级以上医院体检合格。\r\n5.报名需要学历证、身份证、照片。\r\n6.没有教师资格证的是肯定无法取得正式编制的。\r\n具体的报名时间和地点可以通过当地教育局、或者教师资格证报考点。\r\n', 'timeso.cc', 'http://www.hebtu.edu.cn/template/0de2d533795b48688b0776bfade53f5a/20140828143712866/images/banner_00.gif'),
(3, '教师资格证', '师范类', '教师', '含金量高', '2016-11-10', '大三年级', 80, '凡报名当年年底未达到国家法定退休年龄，具备《教师法》规定教师资格条件并愿意从事教师工作的中国公民，均可申请并依法认定幼儿园、小学、初级中学、高级中学、中等职业学校（含实习指导）教师资格。\r\n1.普通话水平应当达到国家语言文字工作委员会颁布的《普通话水平测试等级标准》二级乙等以上标准。\r\n2.各级各类学校非师范专业毕业生申请教师资格应按省教育厅部署补修教育学、心理学课程，并由省教育厅统一组织考试合格。（申请者学历为师范专业毕业人员免于教育学、心理学考试）\r\n3.各级各类学校非师范专业毕业生申请教师资格应参加教师资格认定机构组织的说课（说课分为：面试、试讲）。（申请学历为师范专业毕业人员如能提供3个月或以上的教学证明，可免于面试、试讲）\r\n4.具有良好的身体素质和心理素质，无传染性疾病，无精神病史，按《申请认定教师资格人员体检标准及办法》，在教师资格认定机构指定的县级以上医院体检合格。\r\n5.报名需要学历证、身份证、照片。\r\n6.没有教师资格证的是肯定无法取得正式编制的。\r\n具体的报名时间和地点可以通过当地教育局、或者教师资格证报考点。\r\n凡报名当年年底未达到国家法定退休年龄，具备《教师法》规定教师资格条件并愿意从事教师工作的中国公民，均可申请并依法认定幼儿园、小学、初级中学、高级中学、中等职业学校（含实习指导）教师资格。\r\n1.普通话水平应当达到国家语言文字工作委员会颁布的《普通话水平测试等级标准》二级乙等以上标准。\r\n2.各级各类学校非师范专业毕业生申请教师资格应按省教育厅部署补修教育学、心理学课程，并由省教育厅统一组织考试合格。（申请者学历为师范专业毕业人员免于教育学、心理学考试）\r\n3.各级各类学校非师范专业毕业生申请教师资格应参加教师资格认定机构组织的说课（说课分为：面试、试讲）。（申请学历为师范专业毕业人员如能提供3个月或以上的教学证明，可免于面试、试讲）\r\n4.具有良好的身体素质和心理素质，无传染性疾病，无精神病史，按《申请认定教师资格人员体检标准及办法》，在教师资格认定机构指定的县级以上医院体检合格。\r\n5.报名需要学历证、身份证、照片。\r\n6.没有教师资格证的是肯定无法取得正式编制的。\r\n具体的报名时间和地点可以通过当地教育局、或者教师资格证报考点。\r\n凡报名当年年底未达到国家法定退休年龄，具备《教师法》规定教师资格条件并愿意从事教师工作的中国公民，均可申请并依法认定幼儿园、小学、初级中学、高级中学、中等职业学校（含实习指导）教师资格。\r\n1.普通话水平应当达到国家语言文字工作委员会颁布的《普通话水平测试等级标准》二级乙等以上标准。\r\n2.各级各类学校非师范专业毕业生申请教师资格应按省教育厅部署补修教育学、心理学课程，并由省教育厅统一组织考试合格。（申请者学历为师范专业毕业人员免于教育学、心理学考试）\r\n3.各级各类学校非师范专业毕业生申请教师资格应参加教师资格认定机构组织的说课（说课分为：面试、试讲）。（申请学历为师范专业毕业人员如能提供3个月或以上的教学证明，可免于面试、试讲）\r\n4.具有良好的身体素质和心理素质，无传染性疾病，无精神病史，按《申请认定教师资格人员体检标准及办法》，在教师资格认定机构指定的县级以上医院体检合格。\r\n5.报名需要学历证、身份证、照片。\r\n6.没有教师资格证的是肯定无法取得正式编制的。\r\n具体的报名时间和地点可以通过当地教育局、或者教师资格证报考点。\r\n凡报名当年年底未达到国家法定退休年龄，具备《教师法》规定教师资格条件并愿意从事教师工作的中国公民，均可申请并依法认定幼儿园、小学、初级中学、高级中学、中等职业学校（含实习指导）教师资格。\r\n1.普通话水平应当达到国家语言文字工作委员会颁布的《普通话水平测试等级标准》二级乙等以上标准。\r\n2.各级各类学校非师范专业毕业生申请教师资格应按省教育厅部署补修教育学、心理学课程，并由省教育厅统一组织考试合格。（申请者学历为师范专业毕业人员免于教育学、心理学考试）\r\n3.各级各类学校非师范专业毕业生申请教师资格应参加教师资格认定机构组织的说课（说课分为：面试、试讲）。（申请学历为师范专业毕业人员如能提供3个月或以上的教学证明，可免于面试、试讲）\r\n4.具有良好的身体素质和心理素质，无传染性疾病，无精神病史，按《申请认定教师资格人员体检标准及办法》，在教师资格认定机构指定的县级以上医院体检合格。\r\n5.报名需要学历证、身份证、照片。\r\n6.没有教师资格证的是肯定无法取得正式编制的。\r\n具体的报名时间和地点可以通过当地教育局、或者教师资格证报考点。\r\n凡报名当年年底未达到国家法定退休年龄，具备《教师法》规定教师资格条件并愿意从事教师工作的中国公民，均可申请并依法认定幼儿园、小学、初级中学、高级中学、中等职业学校（含实习指导）教师资格。\r\n1.普通话水平应当达到国家语言文字工作委员会颁布的《普通话水平测试等级标准》二级乙等以上标准。\r\n2.各级各类学校非师范专业毕业生申请教师资格应按省教育厅部署补修教育学、心理学课程，并由省教育厅统一组织考试合格。（申请者学历为师范专业毕业人员免于教育学、心理学考试）\r\n3.各级各类学校非师范专业毕业生申请教师资格应参加教师资格认定机构组织的说课（说课分为：面试、试讲）。（申请学历为师范专业毕业人员如能提供3个月或以上的教学证明，可免于面试、试讲）\r\n4.具有良好的身体素质和心理素质，无传染性疾病，无精神病史，按《申请认定教师资格人员体检标准及办法》，在教师资格认定机构指定的县级以上医院体检合格。\r\n5.报名需要学历证、身份证、照片。\r\n6.没有教师资格证的是肯定无法取得正式编制的。\r\n具体的报名时间和地点可以通过当地教育局、或者教师资格证报考点。\r\n', 'timeso.cc', 'http://www.hebtu.edu.cn/template/0de2d533795b48688b0776bfade53f5a/20140828143712866/images/banner_00.gif'),
(4, '教师资格证', '师范类', '教师', '含金量高', '2016-11-10', '大三年级', 80, '凡报名当年年底未达到国家法定退休年龄，具备《教师法》规定教师资格条件并愿意从事教师工作的中国公民，均可申请并依法认定幼儿园、小学、初级中学、高级中学、中等职业学校（含实习指导）教师资格。\r\n1.普通话水平应当达到国家语言文字工作委员会颁布的《普通话水平测试等级标准》二级乙等以上标准。\r\n2.各级各类学校非师范专业毕业生申请教师资格应按省教育厅部署补修教育学、心理学课程，并由省教育厅统一组织考试合格。（申请者学历为师范专业毕业人员免于教育学、心理学考试）\r\n3.各级各类学校非师范专业毕业生申请教师资格应参加教师资格认定机构组织的说课（说课分为：面试、试讲）。（申请学历为师范专业毕业人员如能提供3个月或以上的教学证明，可免于面试、试讲）\r\n4.具有良好的身体素质和心理素质，无传染性疾病，无精神病史，按《申请认定教师资格人员体检标准及办法》，在教师资格认定机构指定的县级以上医院体检合格。\r\n5.报名需要学历证、身份证、照片。\r\n6.没有教师资格证的是肯定无法取得正式编制的。\r\n具体的报名时间和地点可以通过当地教育局、或者教师资格证报考点。\r\n凡报名当年年底未达到国家法定退休年龄，具备《教师法》规定教师资格条件并愿意从事教师工作的中国公民，均可申请并依法认定幼儿园、小学、初级中学、高级中学、中等职业学校（含实习指导）教师资格。\r\n1.普通话水平应当达到国家语言文字工作委员会颁布的《普通话水平测试等级标准》二级乙等以上标准。\r\n2.各级各类学校非师范专业毕业生申请教师资格应按省教育厅部署补修教育学、心理学课程，并由省教育厅统一组织考试合格。（申请者学历为师范专业毕业人员免于教育学、心理学考试）\r\n3.各级各类学校非师范专业毕业生申请教师资格应参加教师资格认定机构组织的说课（说课分为：面试、试讲）。（申请学历为师范专业毕业人员如能提供3个月或以上的教学证明，可免于面试、试讲）\r\n4.具有良好的身体素质和心理素质，无传染性疾病，无精神病史，按《申请认定教师资格人员体检标准及办法》，在教师资格认定机构指定的县级以上医院体检合格。\r\n5.报名需要学历证、身份证、照片。\r\n6.没有教师资格证的是肯定无法取得正式编制的。\r\n具体的报名时间和地点可以通过当地教育局、或者教师资格证报考点。\r\n凡报名当年年底未达到国家法定退休年龄，具备《教师法》规定教师资格条件并愿意从事教师工作的中国公民，均可申请并依法认定幼儿园、小学、初级中学、高级中学、中等职业学校（含实习指导）教师资格。\r\n1.普通话水平应当达到国家语言文字工作委员会颁布的《普通话水平测试等级标准》二级乙等以上标准。\r\n2.各级各类学校非师范专业毕业生申请教师资格应按省教育厅部署补修教育学、心理学课程，并由省教育厅统一组织考试合格。（申请者学历为师范专业毕业人员免于教育学、心理学考试）\r\n3.各级各类学校非师范专业毕业生申请教师资格应参加教师资格认定机构组织的说课（说课分为：面试、试讲）。（申请学历为师范专业毕业人员如能提供3个月或以上的教学证明，可免于面试、试讲）\r\n4.具有良好的身体素质和心理素质，无传染性疾病，无精神病史，按《申请认定教师资格人员体检标准及办法》，在教师资格认定机构指定的县级以上医院体检合格。\r\n5.报名需要学历证、身份证、照片。\r\n6.没有教师资格证的是肯定无法取得正式编制的。\r\n具体的报名时间和地点可以通过当地教育局、或者教师资格证报考点。\r\n凡报名当年年底未达到国家法定退休年龄，具备《教师法》规定教师资格条件并愿意从事教师工作的中国公民，均可申请并依法认定幼儿园、小学、初级中学、高级中学、中等职业学校（含实习指导）教师资格。\r\n1.普通话水平应当达到国家语言文字工作委员会颁布的《普通话水平测试等级标准》二级乙等以上标准。\r\n2.各级各类学校非师范专业毕业生申请教师资格应按省教育厅部署补修教育学、心理学课程，并由省教育厅统一组织考试合格。（申请者学历为师范专业毕业人员免于教育学、心理学考试）\r\n3.各级各类学校非师范专业毕业生申请教师资格应参加教师资格认定机构组织的说课（说课分为：面试、试讲）。（申请学历为师范专业毕业人员如能提供3个月或以上的教学证明，可免于面试、试讲）\r\n4.具有良好的身体素质和心理素质，无传染性疾病，无精神病史，按《申请认定教师资格人员体检标准及办法》，在教师资格认定机构指定的县级以上医院体检合格。\r\n5.报名需要学历证、身份证、照片。\r\n6.没有教师资格证的是肯定无法取得正式编制的。\r\n具体的报名时间和地点可以通过当地教育局、或者教师资格证报考点。\r\n凡报名当年年底未达到国家法定退休年龄，具备《教师法》规定教师资格条件并愿意从事教师工作的中国公民，均可申请并依法认定幼儿园、小学、初级中学、高级中学、中等职业学校（含实习指导）教师资格。\r\n1.普通话水平应当达到国家语言文字工作委员会颁布的《普通话水平测试等级标准》二级乙等以上标准。\r\n2.各级各类学校非师范专业毕业生申请教师资格应按省教育厅部署补修教育学、心理学课程，并由省教育厅统一组织考试合格。（申请者学历为师范专业毕业人员免于教育学、心理学考试）\r\n3.各级各类学校非师范专业毕业生申请教师资格应参加教师资格认定机构组织的说课（说课分为：面试、试讲）。（申请学历为师范专业毕业人员如能提供3个月或以上的教学证明，可免于面试、试讲）\r\n4.具有良好的身体素质和心理素质，无传染性疾病，无精神病史，按《申请认定教师资格人员体检标准及办法》，在教师资格认定机构指定的县级以上医院体检合格。\r\n5.报名需要学历证、身份证、照片。\r\n6.没有教师资格证的是肯定无法取得正式编制的。\r\n具体的报名时间和地点可以通过当地教育局、或者教师资格证报考点。\r\n', 'timeso.cc', 'http://www.hebtu.edu.cn/template/0de2d533795b48688b0776bfade53f5a/20140828143712866/images/banner_00.gif'),
(13, '333', NULL, NULL, NULL, '2016-12-12', '333', 333, '', 'http://', 'http://www.hebtu.edu.cn/template/0de2d533795b48688b0776bfade53f5a/20140828143712866/images/banner_03.jpg');

-- --------------------------------------------------------

--
-- 表的结构 `forum`
--

CREATE TABLE IF NOT EXISTS `forum` (
  `forumid` int(11) NOT NULL AUTO_INCREMENT,
  `typeid` int(2) NOT NULL DEFAULT '4' COMMENT '论坛分类',
  `userid` int(11) NOT NULL,
  `title` varchar(100) NOT NULL COMMENT '论坛标题',
  `content` text NOT NULL COMMENT '论坛内容',
  `posttime` date NOT NULL COMMENT '提交时间',
  `readcount` int(11) NOT NULL DEFAULT '0' COMMENT '阅读量',
  PRIMARY KEY (`forumid`)
) ENGINE=MyISAM  DEFAULT CHARSET=utf8 COMMENT='论坛表' AUTO_INCREMENT=34 ;

--
-- 转存表中的数据 `forum`
--

INSERT INTO `forum` (`forumid`, `typeid`, `userid`, `title`, `content`, `posttime`, `readcount`) VALUES
(1, 1, 1, '计算机专业大一时期应该做些什么呢？', '  <p>&nbsp;&nbsp;&nbsp;&nbsp;1.本人大一刚刚进入大学，请问学长和学姐们我除了学习专业课程之外，应如何充实自己的大学生活呢？</p>  \r\n  ', '2016-11-29', 15),
(2, 1, 1, '计算机专业大一时期应该做些什么呢？', '  2.本人大一刚刚进入大学，请问学长们我除了学习专业课程之外，应如何充实自己的大学生活呢？', '2016-11-29', 1),
(3, 1, 1, '计算机专业大一时期应该做些什么呢？', '  3.本人大一刚刚进入大学，请问学长们我除了学习专业课程之外，应如何充实自己的大学生活呢？', '2016-11-29', 1),
(4, 1, 1, '计算机专业大一时期应该做些什么呢？', '  4.本人大一刚刚进入大学，请问学长们我除了学习专业课程之外，应如何充实自己的大学生活呢？', '2016-11-29', 0),
(5, 1, 1, '计算机专业大一时期应该做些什么呢？', '  5.本人大一刚刚进入大学，请问学长们我除了学习专业课程之外，应如何充实自己的大学生活呢？', '2016-11-29', 1),
(6, 2, 1, '计算机专业大一时期应该做些什么呢？', '  2.1本人大一刚刚进入大学，请问学长们我除了学习专业课程之外，应如何充实自己的大学生活呢？', '2016-11-29', 0),
(7, 2, 2, '计算机专业大一时期应该做些什么呢？', '  2.2本人大一刚刚进入大学，请问学长们我除了学习专业课程之外，应如何充实自己的大学生活呢？', '2016-11-29', 0),
(8, 2, 2, '计算机专业大一时期应该做些什么呢？', '  本人大一刚刚进入大学，请问学长们我除了学习专业课程之外，应如何充实自己的大学生活呢？', '2016-11-29', 0),
(9, 2, 2, '计算机专业大一时期应该做些什么呢？', '  本人大一刚刚进入大学，请问学长们我除了学习专业课程之外，应如何充实自己的大学生活呢？', '2016-11-29', 0),
(10, 2, 2, '计算机专业大一时期应该做些什么呢？', '  本人大一刚刚进入大学，请问学长们我除了学习专业课程之外，应如何充实自己的大学生活呢？', '2016-11-29', 0),
(11, 2, 2, '计算机专业大一时期应该做些什么呢？', '  本人大一刚刚进入大学，请问学长们我除了学习专业课程之外，应如何充实自己的大学生活呢？', '2016-11-29', 0),
(12, 2, 3, '计算机专业大一时期应该做些什么呢？', '  本人大一刚刚进入大学，请问学长们我除了学习专业课程之外，应如何充实自己的大学生活呢？', '2016-11-29', 0),
(13, 2, 3, '计算机专业大一时期应该做些什么呢？', '  本人大一刚刚进入大学，请问学长们我除了学习专业课程之外，应如何充实自己的大学生活呢？', '2016-11-29', 0),
(14, 2, 3, '计算机专业大一时期应该做些什么呢？', '  本人大一刚刚进入大学，请问学长们我除了学习专业课程之外，应如何充实自己的大学生活呢？', '2016-11-29', 1),
(15, 2, 3, '计算机专业大一时期应该做些什么呢？', '  本人大一刚刚进入大学，请问学长们我除了学习专业课程之外，应如何充实自己的大学生活呢？', '2016-11-29', 0),
(16, 2, 3, '计算机专业大一时期应该做些什么呢？', '  本人大一刚刚进入大学，请问学长们我除了学习专业课程之外，应如何充实自己的大学生活呢？', '2016-11-29', 1),
(17, 2, 4, '计算机专业大一时期应该做些什么呢？', '  本人大一刚刚进入大学，请问学长们我除了学习专业课程之外，应如何充实自己的大学生活呢？', '2016-11-29', 0),
(18, 2, 4, '计算机专业大一时期应该做些什么呢？', '  本人大一刚刚进入大学，请问学长们我除了学习专业课程之外，应如何充实自己的大学生活呢？', '2016-11-29', 0),
(19, 2, 4, '计算机专业大一时期应该做些什么呢？', '  本人大一刚刚进入大学，请问学长们我除了学习专业课程之外，应如何充实自己的大学生活呢？', '2016-11-29', 0),
(20, 2, 5, '计算机专业大一时期应该做些什么呢？', '  本人大一刚刚进入大学，请问学长们我除了学习专业课程之外，应如何充实自己的大学生活呢？', '2016-11-29', 1),
(21, 2, 5, '计算机专业大一时期应该做些什么呢？', '  本人大一刚刚进入大学，请问学长们我除了学习专业课程之外，应如何充实自己的大学生活呢？', '2016-11-29', 0),
(22, 2, 5, '计算机专业大一时期应该做些什么呢？', '  本人大一刚刚进入大学，请问学长们我除了学习专业课程之外，应如何充实自己的大学生活呢？', '2016-11-29', 8),
(23, 2, 5, '计算机专业大一时期应该做些什么呢？', '  本人大一刚刚进入大学，请问学长们我除了学习专业课程之外，应如何充实自己的大学生活呢？', '2016-11-29', 1),
(24, 2, 5, '计算机专业大一时期应该做些什么呢？', '  本人大一刚刚进入大学，请问学长们我除了学习专业课程之外，应如何充实自己的大学生活呢？', '2016-11-29', 3),
(25, 1, 1, '计算机专业大一时期应该做些什么呢？', '  6本人大一刚刚进入大学，请问学长们我除了学习专业课程之外，应如何充实自己的大学生活呢？', '2016-11-29', 0),
(26, 1, 1, '计算机专业大一时期应该做些什么呢？', '  7本人大一刚刚进入大学，请问学长们我除了学习专业课程之外，应如何充实自己的大学生活呢？', '2016-11-29', 0),
(27, 1, 1, '计算机专业大一时期应该做些什么呢？', '  8本人大一刚刚进入大学，请问学长们我除了学习专业课程之外，应如何充实自己的大学生活呢？', '2016-11-29', 0),
(28, 1, 1, '计算机专业大一时期应该做些什么呢？', '  9本人大一刚刚进入大学，请问学长们我除了学习专业课程之外，应如何充实自己的大学生活呢？', '2016-11-29', 0),
(29, 1, 1, '计算机专业大一时期应该做些什么呢？', '  10本人大一刚刚进入大学，请问学长们我除了学习专业课程之外，应如何充实自己的大学生活呢？', '2016-11-29', 0),
(30, 1, 1, '计算机专业大一时期应该做些什么呢？', '  <p>&nbsp;&nbsp;&nbsp;&nbsp;1.本人大一刚刚进入大学，请问学长和学姐们我除了学习专业课程之外，应如何充实自己的大学生活呢？</p>  \r\n  ', '2016-12-03', 1),
(31, 2, 4, '计算机专业大一时期应该做些什么呢？', '  本人大一刚刚进入大学，请问学长们我除了学习专业课程之外，应如何充实自己的大学生活呢？', '2016-12-05', 4),
(32, 4, 5, 'dff', '<p>dfdfd</p>', '0000-00-00', 0),
(33, 4, 5, '孤鸿寡鹄', '<p>反应过于<img src="http://img.baidu.com/hi/jx2/j_0015.gif"/></p><p style="line-height: 16px;"><img src="http://localhost/estudy/code/Public/js/dialogs/attachment/fileTypeImages/icon_txt.gif"/><a style="font-size:12px; color:#0066cc;" href="/ueditor/php/upload/file/20161206/1480985912817862.xml" title="pom.xml">pom.xml</a></p><p><br/></p>', '0000-00-00', 1);

-- --------------------------------------------------------

--
-- 表的结构 `forum_comment`
--

CREATE TABLE IF NOT EXISTS `forum_comment` (
  `forum_commentid` int(11) NOT NULL AUTO_INCREMENT COMMENT '评论id',
  `forumid` int(11) NOT NULL,
  `userid` int(11) NOT NULL,
  `forum_comment` varchar(150) NOT NULL COMMENT '评论内容',
  `createtime` int(11) NOT NULL COMMENT '评论提交时间',
  `forum_answerid` int(11) NOT NULL COMMENT '回复评论id',
  PRIMARY KEY (`forum_commentid`)
) ENGINE=MyISAM  DEFAULT CHARSET=utf8 COMMENT='论坛评论表' AUTO_INCREMENT=9 ;

--
-- 转存表中的数据 `forum_comment`
--

INSERT INTO `forum_comment` (`forum_commentid`, `forumid`, `userid`, `forum_comment`, `createtime`, `forum_answerid`) VALUES
(1, 1, 12, '第一条评论，评论文章的', 2016122, 0),
(2, 1, 11, '评论第一条评论的', 2016122, 1),
(3, 1, 14, '评论第二条评论的', 2016122, 2),
(4, 1, 15, '评论第二条评论的', 20161222, 3),
(5, 2, 16, '评论第二篇文章的', 2016122, 0),
(6, 2, 17, '评论第二篇文章的第一条评论的', 2016122, 5),
(7, 2, 18, '评论第二篇文章的第一条回复的', 2016122, 6),
(8, 2, 19, '评论第二篇文章第二条回复的', 2016122, 7);

-- --------------------------------------------------------

--
-- 表的结构 `forum_sort`
--

CREATE TABLE IF NOT EXISTS `forum_sort` (
  `typeid` int(2) NOT NULL COMMENT '分类id',
  `typename` varchar(5) NOT NULL COMMENT '分类名称'
) ENGINE=MyISAM DEFAULT CHARSET=utf8 COMMENT='论坛分类表';

--
-- 转存表中的数据 `forum_sort`
--

INSERT INTO `forum_sort` (`typeid`, `typename`) VALUES
(1, '考证'),
(2, '比赛'),
(3, '生活'),
(4, '大杂烩'),
(5, '意见反馈');

-- --------------------------------------------------------

--
-- 表的结构 `match`
--

CREATE TABLE IF NOT EXISTS `match` (
  `mid` int(11) NOT NULL AUTO_INCREMENT,
  `mname` varchar(255) NOT NULL COMMENT '比赛名称',
  `keyword` varchar(40) DEFAULT NULL COMMENT '比赛关键词1',
  `keyword2` varchar(20) DEFAULT NULL COMMENT '比赛关键词2',
  `keyword3` varchar(20) DEFAULT NULL COMMENT '比赛关键词3',
  `mtime` date NOT NULL COMMENT '比赛时间',
  `mrequest` varchar(100) NOT NULL COMMENT '比赛要求',
  `mfee` int(11) NOT NULL COMMENT '比赛费用',
  `mcontent` text NOT NULL COMMENT '比赛详情内容',
  `murl` varchar(255) NOT NULL COMMENT '比赛官网地址',
  `mthumb` varchar(255) NOT NULL DEFAULT 'http://www.hebtu.edu.cn/template/0de2d533795b48688b0776bfade53f5a/20140828143712866/images/banner_03.jpg' COMMENT '相关图片缩略图',
  PRIMARY KEY (`mid`)
) ENGINE=MyISAM  DEFAULT CHARSET=utf8 COMMENT='比赛表' AUTO_INCREMENT=105 ;

--
-- 转存表中的数据 `match`
--

INSERT INTO `match` (`mid`, `mname`, `keyword`, `keyword2`, `keyword3`, `mtime`, `mrequest`, `mfee`, `mcontent`, `murl`, `mthumb`) VALUES
(78, '英语竞赛', NULL, NULL, NULL, '2016-12-12', '本科在读', 12, '<h2>\r\n	<span style="color:#E53333;">呵呵嘿</span>\r\n</h2>', 'http://timeso.cc', ''),
(79, '英语竞赛', NULL, NULL, NULL, '2016-12-12', '本科在读', 12, '<h2>\r\n	<span style="color:#E53333;">呵呵嘿</span>\r\n</h2>', 'http://timeso.cc', ''),
(80, '英语竞赛', NULL, NULL, NULL, '2016-12-12', '本科在读', 12, '<h2>\r\n	<span style="color:#E53333;">呵呵嘿</span>\r\n</h2>', 'http://timeso.cc', ''),
(81, '英语竞赛', NULL, NULL, NULL, '2016-12-12', '本科在读', 12, '<h2>\r\n	<span style="color:#E53333;">呵呵嘿</span>\r\n</h2>', 'http://timeso.cc', ''),
(82, '英语竞赛', NULL, NULL, NULL, '2016-12-12', '本科在读', 12, '<h2>\r\n	<span style="color:#E53333;">呵呵嘿</span>\r\n</h2>', 'http://timeso.cc', ''),
(83, '英语竞赛', NULL, NULL, NULL, '2016-12-12', '本科在读', 12, '<h2>\r\n	<span style="color:#E53333;">呵呵嘿</span>\r\n</h2>', 'http://timeso.cc', ''),
(84, '英语竞赛', NULL, NULL, NULL, '2016-12-12', '本科在读', 12, '<h2>\r\n	<span style="color:#E53333;">呵呵嘿</span>\r\n</h2>', 'http://timeso.cc', ''),
(85, '英语竞赛', NULL, NULL, NULL, '2016-12-12', '本科在读', 12, '<h2>\r\n	<span style="color:#E53333;">呵呵嘿</span>\r\n</h2>', 'http://timeso.cc', ''),
(86, '英语竞赛', NULL, NULL, NULL, '2016-12-12', '本科在读', 12, '<h2>\r\n	<span style="color:#E53333;">呵呵嘿</span>\r\n</h2>', 'http://timeso.cc', ''),
(87, '英语竞赛', NULL, NULL, NULL, '2016-12-12', '本科在读', 12, '<h2>\r\n	<span style="color:#E53333;">呵呵嘿</span>\r\n</h2>', 'http://timeso.cc', ''),
(88, '英语竞赛', NULL, NULL, NULL, '2016-12-12', '本科在读', 12, '<h2>\r\n	<span style="color:#E53333;">呵呵嘿</span>\r\n</h2>', 'http://timeso.cc', ''),
(89, '英语竞赛', NULL, NULL, NULL, '2016-12-12', '本科在读', 12, '<h2>\r\n	<span style="color:#E53333;">呵呵嘿</span>\r\n</h2>', 'http://timeso.cc', ''),
(90, '比赛测试', NULL, NULL, NULL, '2016-12-12', '本科在读', 10, '<img src="http://api.map.baidu.com/staticimage?center=114.530386%2C38.00292&zoom=15&width=558&height=360&markers=114.530386%2C38.00292&markerStyles=l%2CA" alt="" />', 'http://baidu.com', ''),
(91, '比赛测试', NULL, NULL, NULL, '2016-12-12', '本科在读', 10, '<img src="http://api.map.baidu.com/staticimage?center=114.530386%2C38.00292&zoom=15&width=558&height=360&markers=114.530386%2C38.00292&markerStyles=l%2CA" alt="" />', 'http://baidu.com', ''),
(92, '比赛测试', NULL, NULL, NULL, '2016-12-12', '本科在读', 10, '<img src="http://api.map.baidu.com/staticimage?center=114.530386%2C38.00292&zoom=15&width=558&height=360&markers=114.530386%2C38.00292&markerStyles=l%2CA" alt="" />', 'http://baidu.com', ''),
(93, '比赛测试', NULL, NULL, NULL, '2016-12-12', '本科在读', 10, '<img src="http://api.map.baidu.com/staticimage?center=114.530386%2C38.00292&zoom=15&width=558&height=360&markers=114.530386%2C38.00292&markerStyles=l%2CA" alt="" />', 'http://baidu.com', ''),
(94, '比赛测试', NULL, NULL, NULL, '2016-12-12', '本科在读', 10, '<img src="http://api.map.baidu.com/staticimage?center=114.530386%2C38.00292&zoom=15&width=558&height=360&markers=114.530386%2C38.00292&markerStyles=l%2CA" alt="" />', 'http://baidu.com', ''),
(95, '比赛测试', NULL, NULL, NULL, '2016-12-12', '本科在读', 10, '<img src="http://api.map.baidu.com/staticimage?center=114.530386%2C38.00292&zoom=15&width=558&height=360&markers=114.530386%2C38.00292&markerStyles=l%2CA" alt="" />', 'http://baidu.com', ''),
(96, '比赛测试', NULL, NULL, NULL, '2016-12-12', '本科在读', 10, '<img src="http://api.map.baidu.com/staticimage?center=114.530386%2C38.00292&zoom=15&width=558&height=360&markers=114.530386%2C38.00292&markerStyles=l%2CA" alt="" />', 'http://baidu.com', ''),
(97, '比赛测试', NULL, NULL, NULL, '2016-12-12', '本科在读', 10, '<img src="http://api.map.baidu.com/staticimage?center=114.530386%2C38.00292&zoom=15&width=558&height=360&markers=114.530386%2C38.00292&markerStyles=l%2CA" alt="" />', 'http://baidu.com', ''),
(98, '比赛测试', NULL, NULL, NULL, '2016-12-12', '本科在读', 10, '<img src="http://api.map.baidu.com/staticimage?center=114.530386%2C38.00292&zoom=15&width=558&height=360&markers=114.530386%2C38.00292&markerStyles=l%2CA" alt="" />', 'http://baidu.com', ''),
(99, '比赛测试', NULL, NULL, NULL, '2016-12-12', '本科在读', 10, '<img src="http://api.map.baidu.com/staticimage?center=114.530386%2C38.00292&zoom=15&width=558&height=360&markers=114.530386%2C38.00292&markerStyles=l%2CA" alt="" />', 'http://baidu.com', ''),
(100, '比赛测试', NULL, NULL, NULL, '2016-12-12', '本科在读', 10, '<img src="http://api.map.baidu.com/staticimage?center=114.530386%2C38.00292&zoom=15&width=558&height=360&markers=114.530386%2C38.00292&markerStyles=l%2CA" alt="" />', 'http://baidu.com', ''),
(101, '123', NULL, NULL, NULL, '2016-12-12', '6320', 123, '632', 'http://', ''),
(102, '科技创新', NULL, NULL, NULL, '2016-12-12', '大学生', 0, '参加', 'http://345', ''),
(103, 'dddd', NULL, NULL, NULL, '2016-12-12', 'ddddd', 0, 'ddddddddddddddddddddd', 'http://ddddd', ''),
(104, '大型比赛', NULL, NULL, NULL, '2016-12-12', '本科在读', 28, '嘿嘿嘿嘿', 'http://', 'http://www.hebtu.edu.cn/template/0de2d533795b48688b0776bfade53f5a/20140828143712866/images/banner_03.jpg');

-- --------------------------------------------------------

--
-- 表的结构 `news`
--

CREATE TABLE IF NOT EXISTS `news` (
  `newsid` int(11) NOT NULL AUTO_INCREMENT COMMENT '新闻id',
  `newstitle` char(25) NOT NULL COMMENT '新闻标题',
  `newssource` char(15) NOT NULL COMMENT '新闻来源',
  `newstime` int(11) NOT NULL COMMENT '新闻时间',
  `newscontent` text NOT NULL COMMENT '新闻内容',
  `newsthumb` varchar(50) NOT NULL COMMENT '新闻图片缩略图',
  PRIMARY KEY (`newsid`)
) ENGINE=MyISAM DEFAULT CHARSET=utf8 COMMENT='热点资讯新闻表' AUTO_INCREMENT=1 ;

-- --------------------------------------------------------

--
-- 表的结构 `report`
--

CREATE TABLE IF NOT EXISTS `report` (
  `reportid` int(11) NOT NULL AUTO_INCREMENT,
  `userid` int(11) NOT NULL,
  `forumid` int(11) NOT NULL,
  `reportreasons` varchar(150) NOT NULL COMMENT '举报理由',
  PRIMARY KEY (`reportid`)
) ENGINE=MyISAM DEFAULT CHARSET=utf8 COMMENT='举报表' AUTO_INCREMENT=1 ;

-- --------------------------------------------------------

--
-- 表的结构 `users`
--

CREATE TABLE IF NOT EXISTS `users` (
  `userid` int(11) NOT NULL AUTO_INCREMENT,
  `username` varchar(25) NOT NULL COMMENT '用户昵称',
  `password` char(32) NOT NULL COMMENT '用户密码',
  `email` varchar(30) NOT NULL COMMENT '用户邮箱',
  `sex` char(2) NOT NULL COMMENT '用户性别',
  `type` int(11) NOT NULL COMMENT '用户类型',
  `city` varchar(20) NOT NULL COMMENT '用户所在城市',
  `colleage` varchar(30) NOT NULL COMMENT '用户所在学校',
  `major` varchar(100) NOT NULL COMMENT '用户所学专业',
  `hobby` char(255) NOT NULL COMMENT '用户偏爱领域',
  `signature` varchar(255) NOT NULL COMMENT '个性签名',
  `avatar_url` int(255) NOT NULL COMMENT '用户头像所存路径',
  `state` int(11) NOT NULL COMMENT '用户状态',
  `token` varchar(50) NOT NULL,
  `token_exptime` int(10) NOT NULL COMMENT 'token过期时间',
  `status` tinyint(1) NOT NULL COMMENT '激活状态',
  `regtime` int(10) NOT NULL COMMENT '注册时间',
  PRIMARY KEY (`userid`)
) ENGINE=MyISAM  DEFAULT CHARSET=utf8 COMMENT='用户表' AUTO_INCREMENT=50 ;

--
-- 转存表中的数据 `users`
--

INSERT INTO `users` (`userid`, `username`, `password`, `email`, `sex`, `type`, `city`, `colleage`, `major`, `hobby`, `signature`, `avatar_url`, `state`, `token`, `token_exptime`, `status`, `regtime`) VALUES
(1, '王子文', 'e10adc3949ba59abbe56e057f20f883e', '920871718@qq.com', '女', 0, '石家庄', '河北师范大学', '软件工程', '计算机，软件', '我就是我，是颜色不同的烟火', 0, 0, '', 0, 0, 171823),
(2, '张三', 'e10adc3949ba59abbe56e057f20f883e', '9208717180@qq.com', '女', 0, '石家庄', '河北师范大学', '软件工程', '计算机，软件', '我就是我，是颜色不同的烟火', 0, 0, '0', 0, 0, 171902),
(3, 'fdsfsfd', 'e10adc3949ba59abbe56e057f20f883e', 'zykjinghuashuiyue@126.com', '', 0, '', '', '', '', '', 0, 0, '', 0, 1, 2016125),
(4, '周知', '959848ca10cc8a60da818ac11523dc63', 'zykjinghuashuiyue@126.com', '', 0, '', '', '', '', '', 0, 1, 'f28b7165f17ada420cf73d4a82a0cd79', 1480666829, 0, 1480580429),
(5, '周知在', 'e6c760b3216a51c656c5861d72d5bf62', 'zykjinghuashuiyue@126.com', '', 0, '', '', '', '', '', 0, 0, '8a736b8a3d58650b63b30927756c80c6', 1480667494, 0, 1480581094),
(6, '周瑜卡', '959848ca10cc8a60da818ac11523dc63', 'zykjinghuashuiyue@126.com', '', 0, '', '', '', '', '', 0, 0, '22a2749209270ceb34faac2d2bed6ae0', 1480667664, 0, 1480581264),
(7, 'zhou', 'fbade9e36a3f36d3d676c1b808451dd7', 'zykjinghuashuiyue@126.com', '', 0, '', '', '', '', '', 0, 0, 'b101e97a8819c2000fb5cedc4c322bb9', 1480667760, 0, 1480581360),
(8, 'zaq', '959848ca10cc8a60da818ac11523dc63', 'zykjinghuashuiyue@126.com', '', 0, '', '', '', '', '', 0, 0, '19d34545bff2d8f77b1ce39df19a558f', 1480667905, 0, 1480581505),
(31, '周钰凯333', 'e10adc3949ba59abbe56e057f20f883e', 'zykjinghuashuiyue@126.com', '', 0, '', '', '', '', '', 0, 1, 'ca500323b36a95e936028f72ee2b799a', 1481095229, 0, 1481008829),
(11, 'kk', '959848ca10cc8a60da818ac11523dc63', 'zykjinghuashuiyue@126.com', '', 0, '', '', '', '', '', 0, 0, '397f0315ee56d2ab67b41b2c490e62df', 1480929192, 0, 1480842792),
(12, 'bb', '959848ca10cc8a60da818ac11523dc63', 'zykjinghuashuiyue@126.com', '', 0, '', '', '', '', '', 0, 0, '30e1c8dc8d45007b401d8b127bd0ea54', 1480929355, 0, 1480842955),
(13, 'qqw', '959848ca10cc8a60da818ac11523dc63', 'zykjinghuashuiyue@126.com', '', 0, '', '', '', '', '', 0, 1, '2ac69a637490b14da999726ae4afb992', 1480929449, 0, 1480843049),
(14, 'rr', '959848ca10cc8a60da818ac11523dc63', 'zykjinghuashuiyue@126.com', '', 0, '', '', '', '', '', 0, 0, 'b1f972bc079f9f2149096673373834ec', 1480934342, 0, 1480847942),
(15, 'aaaa', '959848ca10cc8a60da818ac11523dc63', 'zykjinghuashuiyue@126.com', '', 0, '', '', '', '', '', 0, 0, 'd5e977a40187153280f1bacb6e2341f3', 1480934391, 0, 1480847991),
(16, 'ddf', '959848ca10cc8a60da818ac11523dc63', 'zykjinghuashuiyue@126.com', '', 0, '', '', '', '', '', 0, 0, '8dad0b4a5c9d38594b902faf24a07d8f', 1480934451, 0, 1480848051),
(17, 'asdf', '959848ca10cc8a60da818ac11523dc63', 'zykjinghuashuiyue@126.com', '', 0, '', '', '', '', '', 0, 0, '116b9826d9df86480824fa3dfaa845c6', 1480935821, 0, 1480849421),
(18, 'gfsdgfd', 'de77e68263cd19b4468e088e65eeba84', 'zykjinghuashuiyue@126.com', '', 0, '', '', '', '', '', 0, 0, 'e645e8563ed861f488783dc06d745867', 1480935978, 0, 1480849578),
(19, 'fdsf', '959848ca10cc8a60da818ac11523dc63', 'zykjinghuashuiyue@126.com', '', 0, '', '', '', '', '', 0, 0, 'bdfd292aad66f60b2fd69a1abcad1d4a', 1480936057, 0, 1480849657),
(20, 'ffdaf', '959848ca10cc8a60da818ac11523dc63', 'zykjinghuashuiyue@126.com', '', 0, '', '', '', '', '', 0, 0, 'baae9f8e095939642c45f2543e433dfb', 1481004900, 0, 1480918500),
(21, 'ffafa', '240134673a5b383f36732d34d639c780', 'zykjinghuashuiyue@126.com', '', 0, '', '', '', '', '', 0, 0, '1d7a346304ffd8f4129e030c098f88cd', 1481005166, 0, 1480918766),
(22, 'hhfhgf', 'e10adc3949ba59abbe56e057f20f883e', 'zykjinghuashuiyue@126.com', '', 0, '', '', '', '', '', 0, 0, 'b84621c7a4de7b8ff24c673425970987', 1481005427, 0, 1480919027),
(23, 'vsvcx', 'e10adc3949ba59abbe56e057f20f883e', 'zykjinghuashuiyue@126.com', '', 0, '', '', '', '', '', 0, 0, '9853e47cfdd7647d8d4c6ea7e58e8d60', 1481005612, 0, 1480919212),
(24, 'zxcvbn', 'e10adc3949ba59abbe56e057f20f883e', 'zykjinghuashuiyue@126.com', '', 0, '', '', '', '', '', 0, 0, 'fc3e203b5743eb61a8ccb5cdcda606be', 1481005643, 0, 1480919243),
(25, 'vvdsd', 'e10adc3949ba59abbe56e057f20f883e', 'zykjinghuashuiyue@126.com', '', 0, '', '', '', '', '', 0, 0, 'd72ae8a1dcc266318317f13d5274d720', 1481005801, 0, 1480919401),
(26, 'fgdfg', 'e10adc3949ba59abbe56e057f20f883e', 'zykjinghuashuiyue@126.com', '', 0, '', '', '', '', '', 0, 0, 'e72d922d3627eec3e368e329ad4b7789', 1481007107, 0, 1480920707),
(29, 'zhouyukai', 'e10adc3949ba59abbe56e057f20f883e', 'zykjinghuashuiyue@126.com', '', 0, '', '', '', '', '', 0, 0, '627dc2923aadf85d5f230ad08f4e5f9c', 1481094649, 0, 1481008249),
(30, '周钰凯33', 'e10adc3949ba59abbe56e057f20f883e', 'zykjinghuashuiyue@126.com', '', 0, '', '', '', '', '', 0, 0, '15b4a63b8350eb2acc6253149988b1e7', 1481095009, 0, 1481008609),
(32, 'y', 'e10adc3949ba59abbe56e057f20f883e', 'y@yangshaoyang.cn', '', 0, '', '', '', '', '', 0, 1, 'bae07054cd58b045be56a743c1128268', 1481095646, 0, 1481009246),
(40, 'fsadfa', 'e10adc3949ba59abbe56e057f20f883e', 'zykjinghuashuiyue@126.com', '', 0, '', '', '', '', '', 0, 0, 'b88dd3b161ac2d5a14ef8352c1ed662d', 1481098088, 0, 1481011688),
(34, 'zhouddddd', 'e10adc3949ba59abbe56e057f20f883e', 'zykjinghuashuiyue@126.com', '', 0, '', '', '', '', '', 0, 0, 'ceabba01a5449824c21bed4862617e72', 1481096223, 0, 1481009823),
(35, 'dfdsfds', 'e10adc3949ba59abbe56e057f20f883e', 'zykjinghuashuiyue@126.com', '', 0, '', '', '', '', '', 0, 1, 'effe5cfdccfecee15262b812f3b0ebbf', 1481096300, 0, 1481009900),
(36, 'gtsgfsd', 'e10adc3949ba59abbe56e057f20f883e', 'zykjinghuashuiyue@126.com', '', 0, '', '', '', '', '', 0, 1, 'e1a64101dfa5748f654ff45f03ea3755', 1481096382, 0, 1481009982),
(39, 'dsdfds', 'e10adc3949ba59abbe56e057f20f883e', 'zykjinghuashuiyue@126.com', '', 0, '', '', '', '', '', 0, 1, 'f721ab171c8026173156d9d1eebbfa46', 1481097917, 0, 1481011517),
(38, 'erfdsa', 'e10adc3949ba59abbe56e057f20f883e', 'zykjinghuashuiyue@126.com', '', 0, '', '', '', '', '', 0, 1, 'd0d470343c170ebc5df50ab1e24ad589', 1481097816, 0, 1481011416),
(41, 'jyjdth', 'e10adc3949ba59abbe56e057f20f883e', 'zykjinghuashuiyue@126.com', '', 0, '', '', '', '', '', 0, 1, 'a91814708e8ef6dad0076800cc177717', 1481098246, 0, 1481011846),
(42, 'zhouzhouzhozu', 'e10adc3949ba59abbe56e057f20f883e', 'zykjinghuashuiyue@126.com', '', 0, '', '', '', '', '', 0, 0, '525b67e1e36dcfafff5e86d931298ff5', 1481098597, 0, 1481012197),
(43, '23333', 'f5bb0c8de146c67b44babbf4e6584cc0', '1910429549@qq.com', '', 0, '', '', '', '', '', 0, 0, 'ac3df29e909435d942d72b45f32bc5a7', 1481098621, 0, 1481012221),
(44, 'zhouzhouzhou', 'e10adc3949ba59abbe56e057f20f883e', 'zykjinghuashuiyue@126.com', '', 0, '', '', '', '', '', 0, 1, '8f2d38d4167856891ce64ca28c370004', 1481098623, 0, 1481012223),
(45, 'sad', 'e10adc3949ba59abbe56e057f20f883e', 'zykjinghuashuiyue@126.com', '', 0, '', '', '', '', '', 0, 1, '6a5969bf1c3bb92cff4cecdcf91cee1f', 1481099024, 0, 1481012624),
(46, 'asdadsa', 'e10adc3949ba59abbe56e057f20f883e', 'zykjinghuashuiyue@126.com', '', 0, '', '', '', '', '', 0, 1, '1473231f36d272976e6f08a0a90b24e8', 1481099192, 0, 1481012792),
(47, 'fdfdas', 'e10adc3949ba59abbe56e057f20f883e', 'zykjinghuashuiyue@126.com', '', 0, '', '', '', '', '', 0, 1, '0b720f6609014dddf1b884229fe0a46a', 1481099219, 0, 1481012819),
(48, 'efasf', 'e10adc3949ba59abbe56e057f20f883e', 'zykjinghuashuiyue@126.com', '', 0, '', '', '', '', '', 0, 0, '6712e0f5947cc18ce29b547c0fd03591', 1481099638, 0, 1481013238),
(49, 'zcsad', 'e10adc3949ba59abbe56e057f20f883e', 'zykjinghuashuiyue@126.com', '', 0, '', '', '', '', '', 0, 1, '49b4d73c7890b160a60a6e3d026ab62f', 1481100178, 0, 1481013778);

-- --------------------------------------------------------

--
-- 表的结构 `user_certificate`
--

CREATE TABLE IF NOT EXISTS `user_certificate` (
  `id` int(11) NOT NULL AUTO_INCREMENT,
  `userid` int(11) NOT NULL,
  `textualid` int(11) NOT NULL COMMENT '考证id',
  `time` date NOT NULL COMMENT '考证信息时间',
  `uctype` text NOT NULL COMMENT '所属类别',
  `introduce` text NOT NULL COMMENT '消息简介',
  `operate` text NOT NULL COMMENT '操作',
  PRIMARY KEY (`id`),
  KEY `id` (`id`),
  KEY `id_2` (`id`)
) ENGINE=MyISAM  DEFAULT CHARSET=utf8 COMMENT='用户考证信息表' AUTO_INCREMENT=5 ;

--
-- 转存表中的数据 `user_certificate`
--

INSERT INTO `user_certificate` (`id`, `userid`, `textualid`, `time`, `uctype`, `introduce`, `operate`) VALUES
(1, 1, 1, '2016-12-02', '考证信息', '文字信息', '查看'),
(2, 1, 1, '2016-12-03', '考证信息', '文字信息', '查看'),
(3, 1, 1, '2016-12-04', '考证信息', '文字信息', '查看'),
(4, 1, 1, '2016-12-05', '考证信息', '文字信息', '查看');

-- --------------------------------------------------------

--
-- 表的结构 `user_match`
--

CREATE TABLE IF NOT EXISTS `user_match` (
  `id` int(11) NOT NULL AUTO_INCREMENT COMMENT '自增id',
  `userid` int(11) NOT NULL COMMENT '用户id',
  `matchid` int(11) NOT NULL COMMENT '比赛id',
  `time` date NOT NULL COMMENT '比赛信息时间',
  `umtype` text NOT NULL COMMENT '所属类别',
  `introduce` text NOT NULL COMMENT '简介',
  `operate` text NOT NULL COMMENT '操作',
  PRIMARY KEY (`id`)
) ENGINE=MyISAM  DEFAULT CHARSET=utf8 COMMENT='用户比赛信息表' AUTO_INCREMENT=5 ;

--
-- 转存表中的数据 `user_match`
--

INSERT INTO `user_match` (`id`, `userid`, `matchid`, `time`, `umtype`, `introduce`, `operate`) VALUES
(1, 1, 1, '2016-11-01', '比赛信息', '文字信息', '查看'),
(2, 1, 1, '2016-11-09', '比赛信息', '文字信息', '查看'),
(3, 1, 1, '2016-11-10', '比赛信息', '文字信息', '查看'),
(4, 1, 1, '2016-12-01', '比赛信息', '文字信息', '查看');

-- --------------------------------------------------------

--
-- 表的结构 `wraning_messages`
--

CREATE TABLE IF NOT EXISTS `wraning_messages` (
  `id` int(11) NOT NULL AUTO_INCREMENT,
  `userid` int(11) NOT NULL,
  `messages_content` text NOT NULL COMMENT '消息内容',
  `manage_time` date NOT NULL COMMENT '发送时间',
  PRIMARY KEY (`id`)
) ENGINE=MyISAM DEFAULT CHARSET=utf8 COMMENT='警告信息表' AUTO_INCREMENT=1 ;

/*!40101 SET CHARACTER_SET_CLIENT=@OLD_CHARACTER_SET_CLIENT */;
/*!40101 SET CHARACTER_SET_RESULTS=@OLD_CHARACTER_SET_RESULTS */;
/*!40101 SET COLLATION_CONNECTION=@OLD_COLLATION_CONNECTION */;
